player,date,time,id,item,itemID,itemString,response,votes,class,instance,boss,difficultyID,mapID,groupSize,gear1,gear2,responseID,isAwardReason,subType,equipLoc,note,owner
Anastasia-Faerlina,12/26/20,21:11:11,1609053071-0,[Masterwork Pauldrons of Defense],10274,item:10274::::::1616:1675013248:60,Holding,nil,MAGE,Naxxramas-40 Player,Unknown,9,533,40,,,5,true,Mail,Shoulder,,Anastasia-Faerlina
Anastasia-Faerlina,12/26/20,21:12:50,1609053170-1,[Fierce Mauler of the Gorilla],15266,item:15266::::::975:785766016:60,Holding,nil,MAGE,Naxxramas-40 Player,Unknown,9,533,40,,,5,true,Two-Handed Maces,Two-Hand,,Anastasia-Faerlina
Anastasia-Faerlina,12/26/20,21:18:11,1609053491-2,[Blasthorn Bow of Marksmanship],15288,item:15288::::::1712:619117312:60,Holding,nil,MAGE,Naxxramas-40 Player,Unknown,9,533,40,,,5,true,Bows,Ranged,,Anastasia-Faerlina
Anastasia-Faerlina,12/26/20,21:19:34,1609053574-3,[Adventurer's Legguards of the Bear],10262,item:10262::::::1233:189383040:60,Holding,nil,MAGE,Naxxramas-40 Player,Unknown,9,533,40,,,5,true,Leather,Legs,,Anastasia-Faerlina
Anastasia-Faerlina,12/26/20,21:22:40,1609053760-4,[Imbued Shield],15943,item:15943::::::::60,Holding,nil,MAGE,Naxxramas-40 Player,Unknown,9,533,40,,,5,true,Shields,Off Hand,,Anastasia-Faerlina
Anastasia-Faerlina,12/26/20,21:23:56,1609053836-5,[Solstice Staff of the Monkey],15278,item:15278::::::631:235530112:60,Holding,nil,MAGE,Naxxramas-40 Player,Unknown,9,533,40,,,5,true,Staves,Two-Hand,,Anastasia-Faerlina
Anastasia-Faerlina,12/26/20,21:29:59,1609054199-6,[Severance],22815,item:22815::::::::60,Holding,nil,MAGE,Naxxramas-40 Player,Patchwerk,9,533,40,,,5,true,Two-Handed Axes,Two-Hand,,Anastasia-Faerlina
Anastasia-Faerlina,12/26/20,21:36:38,1609054598-7,[The End of Dreams],22988,item:22988::::::::60,Holding,nil,MAGE,Naxxramas-40 Player,Grobbulus,9,533,40,,,5,true,One-Handed Maces,One-Hand,,Anastasia-Faerlina
Anastasia-Faerlina,12/26/20,21:40:35,1609054835-8,[Gluth's Missing Collar],22981,item:22981::::::::60,Holding,nil,MAGE,Naxxramas-40 Player,Gluth,9,533,40,,,5,true,Miscellaneous,Neck,,Anastasia-Faerlina
Anastasia-Faerlina,12/26/20,21:47:45,1609055265-9,[Eye of Diminution],23001,item:23001::::::::60,Holding,nil,MAGE,Naxxramas-40 Player,Thaddius,9,533,40,,,5,true,Miscellaneous,Trinket,,Anastasia-Faerlina
Anastasia-Faerlina,12/26/20,22:05:46,1609056346-10,[Noth's Frigid Heart],23029,item:23029::::::::60,Holding,nil,MAGE,Naxxramas-40 Player,Noth the Plaguebringer,9,533,40,,,5,true,Miscellaneous,Held In Off-hand,,Anastasia-Faerlina
Anastasia-Faerlina,12/26/20,22:12:42,1609056762-11,[Icebane Helmet],23019,item:23019::::::::60,Holding,nil,MAGE,Naxxramas-40 Player,Heigan the Unclean,9,533,40,,,5,true,Plate,Head,,Anastasia-Faerlina
Anastasia-Faerlina,12/26/20,22:22:35,1609057355-12,[Wristguards of Vengeance],22936,item:22936::::::::60,Holding,nil,MAGE,Naxxramas-40 Player,Anub'Rekhan,9,533,40,,,5,true,Plate,Wrist,,Anastasia-Faerlina
Anastasia-Faerlina,12/26/20,22:40:41,1609058441-13,[The Widow's Embrace],22942,item:22942::::::::60,Holding,nil,MAGE,Naxxramas-40 Player,Grand Widow Faerlina,9,533,40,,,5,true,One-Handed Maces,One-Hand,,Anastasia-Faerlina
Anastasia-Faerlina,12/26/20,22:43:02,1609058582-14,[Imbued Shield],15943,item:15943::::::::60,Holding,nil,MAGE,Naxxramas-40 Player,Grand Widow Faerlina,9,533,40,,,5,true,Shields,Off Hand,,Anastasia-Faerlina
Anastasia-Faerlina,12/26/20,22:55:39,1609059339-15,[Pendant of Forgotten Names],22947,item:22947::::::::60,Holding,nil,MAGE,Naxxramas-40 Player,Maexxna,9,533,40,,,5,true,Miscellaneous,Neck,,Anastasia-Faerlina
Anastasia-Faerlina,12/26/20,22:59:54,1609059594-16,[Ghoul Skin Tunic],23226,item:23226::::::::60,Holding,nil,MAGE,Naxxramas-40 Player,Maexxna,9,533,40,,,5,true,Leather,Chest,,Anastasia-Faerlina
Anastasia-Faerlina,12/26/20,23:03:46,1609059826-17,[Traveler's Jerkin],8296,item:8296::::::::60,Holding,nil,MAGE,Naxxramas-40 Player,Maexxna,9,533,40,,,5,true,Leather,Chest,,Anastasia-Faerlina
Anastasia-Faerlina,12/26/20,23:08:11,1609060091-18,[Master's Cloak of the Owl],10249,item:10249::::::779:622061824:60,Holding,nil,MAGE,Naxxramas-40 Player,Maexxna,9,533,40,,,5,true,Cloth,Back,,Anastasia-Faerlina
Anastasia-Faerlina,12/26/20,23:33:20,1609061600-19,[Wand of the Whispering Dead],23009,item:23009::::::::60,Holding,nil,MAGE,Naxxramas-40 Player,Instructor Razuvious,9,533,40,,,5,true,Wands,,,Anastasia-Faerlina
Anastasia-Faerlina,1/01/21,21:14:12,1609571652-0,[Mercurial Breastplate of Intellect],10157,item:10157::::::396:1039531904:60,Holding,nil,MAGE,Naxxramas-40 Player,Unknown,9,533,40,,,5,true,Mail,Chest,,Anastasia-Faerlina
Anastasia-Faerlina,1/01/21,21:14:27,1609571667-1,[Ring of the Eternal Flame],23237,item:23237::::::::60,Holding,nil,MAGE,Naxxramas-40 Player,Unknown,9,533,40,,,5,true,Miscellaneous,Finger,,Anastasia-Faerlina
Anastasia-Faerlina,1/01/21,21:24:08,1609572248-2,[The Plague Bearer],22818,item:22818::::::::60,Holding,nil,MAGE,Naxxramas-40 Player,Patchwerk,9,533,40,,,5,true,Shields,Off Hand,,Anastasia-Faerlina
Anastasia-Faerlina,1/01/21,21:32:53,1609572773-3,[Midnight Haze],22803,item:22803::::::::60,Holding,nil,MAGE,Naxxramas-40 Player,Grobbulus,9,533,40,,,5,true,Daggers,One-Hand,,Anastasia-Faerlina
Anastasia-Faerlina,1/01/21,21:36:07,1609572967-4,[Digested Hand of Power],22994,item:22994::::::::60,Holding,nil,MAGE,Naxxramas-40 Player,Gluth,9,533,40,,,5,true,Miscellaneous,Held In Off-hand,,Anastasia-Faerlina
Anastasia-Faerlina,1/01/21,21:43:33,1609573413-5,[Plated Abomination Ribcage],23000,item:23000::::::::60,Holding,nil,MAGE,Naxxramas-40 Player,Thaddius,9,533,40,,,5,true,Plate,Chest,,Anastasia-Faerlina
Anastasia-Faerlina,1/01/21,21:45:54,1609573554-6,[Mercurial Bracers of the Wolf],10156,item:10156::::::524:735378432:60,Holding,nil,MAGE,Naxxramas-40 Player,Thaddius,9,533,40,,,5,true,Mail,Wrist,,Anastasia-Faerlina
Anastasia-Faerlina,1/01/21,21:47:14,1609573634-7,[Fierce Mauler of Strength],15266,item:15266::::::320:519541248:60,Holding,nil,MAGE,Naxxramas-40 Player,Thaddius,9,533,40,,,5,true,Two-Handed Maces,Two-Hand,,Anastasia-Faerlina
Anastasia-Faerlina,1/01/21,21:55:59,1609574159-8,[Cloak of the Scourge],23030,item:23030::::::::60,Holding,nil,MAGE,Naxxramas-40 Player,Noth the Plaguebringer,9,533,40,,,5,true,Cloth,Back,,Anastasia-Faerlina
Anastasia-Faerlina,1/01/21,22:01:53,1609574513-9,[Preceptor's Hat],23035,item:23035::::::::60,Holding,nil,MAGE,Naxxramas-40 Player,Heigan the Unclean,9,533,40,,,5,true,Cloth,Head,,Anastasia-Faerlina
Anastasia-Faerlina,1/01/21,22:12:46,1609575166-10,[Band of Unnatural Forces],23038,item:23038::::::::60,Holding,nil,MAGE,Naxxramas-40 Player,Loatheb,9,533,40,,,5,true,Miscellaneous,Finger,,Anastasia-Faerlina
Anastasia-Faerlina,1/01/21,22:22:08,1609575728-11,[Touch of Frost],22935,item:22935::::::::60,Holding,nil,MAGE,Naxxramas-40 Player,Anub'Rekhan,9,533,40,,,5,true,Miscellaneous,Neck,,Anastasia-Faerlina
Anastasia-Faerlina,1/01/21,22:29:17,1609576157-12,[Lunar Wand of Intellect],15283,item:15283::::::175:800533120:60,Holding,nil,MAGE,Naxxramas-40 Player,Anub'Rekhan,9,533,40,,,5,true,Wands,,,Anastasia-Faerlina
Anastasia-Faerlina,1/01/21,22:30:22,1609576222-13,[Commander's Pauldrons of the Bear],10383,item:10383::::::1217:2089092992:60,Holding,nil,MAGE,Naxxramas-40 Player,Anub'Rekhan,9,533,40,,,5,true,Plate,Shoulder,,Anastasia-Faerlina
Anastasia-Faerlina,1/01/21,22:35:58,1609576558-14,[Icebane Pauldrons],22940,item:22940::::::::60,Holding,nil,MAGE,Naxxramas-40 Player,Grand Widow Faerlina,9,533,40,,,5,true,Plate,Shoulder,,Anastasia-Faerlina
Anastasia-Faerlina,1/01/21,22:37:47,1609576667-15,[Master's Mantle of Shadow Wrath],10253,item:10253::::::1857:2022467328:60,Holding,nil,MAGE,Naxxramas-40 Player,Grand Widow Faerlina,9,533,40,,,5,true,Cloth,Shoulder,,Anastasia-Faerlina
Anastasia-Faerlina,1/01/21,22:43:11,1609576991-16,[Ghoul Skin Tunic],23226,item:23226::::::::60,Holding,nil,MAGE,Naxxramas-40 Player,Grand Widow Faerlina,9,533,40,,,5,true,Leather,Chest,,Anastasia-Faerlina
Anastasia-Faerlina,1/01/21,22:58:25,1609577905-17,[Kiss of the Spider],22954,item:22954::::::::60,Holding,nil,MAGE,Naxxramas-40 Player,Maexxna,9,533,40,,,5,true,Miscellaneous,Trinket,,Anastasia-Faerlina
Anastasia-Faerlina,1/01/21,23:02:41,1609578161-18,[Hyperion Vambraces of the Bear],10391,item:10391::::::1204:1858084352:60,Holding,nil,MAGE,Naxxramas-40 Player,Maexxna,9,533,40,,,5,true,Plate,Wrist,,Anastasia-Faerlina
Anastasia-Faerlina,1/01/21,23:09:38,1609578578-19,[Blasthorn Bow of Marksmanship],15288,item:15288::::::1711:7582336:60,Holding,nil,MAGE,Naxxramas-40 Player,Maexxna,9,533,40,,,5,true,Bows,Ranged,,Anastasia-Faerlina
Anastasia-Faerlina,1/01/21,23:14:28,1609578868-20,[Engraved Breastplate of the Monkey],10230,item:10230::::::632:2058822016:60,Holding,nil,MAGE,Naxxramas-40 Player,Maexxna,9,533,40,,,5,true,Mail,Chest,,Anastasia-Faerlina
Anastasia-Faerlina,1/01/21,23:14:44,1609578884-21,[Mercurial Girdle of the Whale],10154,item:10154::::::1046:246307840:60,Holding,nil,MAGE,Naxxramas-40 Player,Maexxna,9,533,40,,,5,true,Mail,Waist,,Anastasia-Faerlina
Anastasia-Faerlina,1/01/21,23:15:49,1609578949-22,[Master's Leggings of the Owl],10252,item:10252::::::808:475072512:60,Holding,nil,MAGE,Naxxramas-40 Player,Maexxna,9,533,40,,,5,true,Cloth,Legs,,Anastasia-Faerlina
Anastasia-Faerlina,1/01/21,23:28:34,1609579714-23,[Wand of the Whispering Dead],23009,item:23009::::::::60,Holding,nil,MAGE,Naxxramas-40 Player,Instructor Razuvious,9,533,40,,,5,true,Wands,,,Anastasia-Faerlina
Anastasia-Faerlina,1/01/21,23:33:24,1609580004-24,[Mighty Tunic of the Eagle],10151,item:10151::::::892:2013222784:60,Holding,nil,MAGE,Naxxramas-40 Player,Instructor Razuvious,9,533,40,,,5,true,Leather,Chest,,Anastasia-Faerlina
Anastasia-Faerlina,1/01/21,23:48:34,1609580914-25,[Harbinger of Doom],23044,item:23044::::::::60,Holding,nil,MAGE,Naxxramas-40 Player,Gothik the Harvester,9,533,40,,,5,true,Daggers,One-Hand,,Anastasia-Faerlina
Anastasia-Faerlina,1/02/21,00:22:25,1609582945-26,[Leggings of Apocalypse],23071,item:23071::::::::60,Holding,nil,MAGE,Naxxramas-40 Player,The Four Horsemen,9,533,40,,,5,true,Leather,Legs,,Anastasia-Faerlina
Anastasia-Faerlina,1/15/21,21:02:18,1610780538-0,[Mercurial Legguards of the Owl],10162,item:10162::::::805:1248026496:60,Holding,nil,MAGE,Naxxramas-40 Player,Unknown,9,533,40,,,5,true,Mail,Legs,,Anastasia-Faerlina
Anastasia-Faerlina,1/15/21,21:17:37,1610781457-1,[Wand of Fates],22820,item:22820::::::::60,Holding,nil,MAGE,Naxxramas-40 Player,Patchwerk,9,533,40,,,5,true,Wands,,,Anastasia-Faerlina
Anastasia-Faerlina,1/15/21,21:24:27,1610781867-2,[Toxin Injector],22810,item:22810::::::::60,Holding,nil,MAGE,Naxxramas-40 Player,Grobbulus,9,533,40,,,5,true,Guns,,,Anastasia-Faerlina
Anastasia-Faerlina,1/15/21,21:27:12,1610782032-3,[Death's Bargain],23075,item:23075::::::::60,Holding,nil,MAGE,Naxxramas-40 Player,Gluth,9,533,40,,,5,true,Shields,Off Hand,,Anastasia-Faerlina
Anastasia-Faerlina,1/15/21,21:32:38,1610782358-4,[The Castigator],22808,item:22808::::::::60,Holding,nil,MAGE,Naxxramas-40 Player,Thaddius,9,533,40,,,5,true,One-Handed Maces,One-Hand,,Anastasia-Faerlina
Anastasia-Faerlina,1/15/21,21:34:58,1610782498-5,[Elegant Circlet of the Owl],10219,item:10219::::::802:1695442432:60,Holding,nil,MAGE,Naxxramas-40 Player,Thaddius,9,533,40,,,5,true,Cloth,Head,,Anastasia-Faerlina
Anastasia-Faerlina,1/15/21,21:40:58,1610782858-6,[Libram of Light],23006,item:23006::::::::60,Holding,nil,MAGE,Naxxramas-40 Player,Noth the Plaguebringer,9,533,40,,,5,true,Librams,Relic,,Anastasia-Faerlina
Anastasia-Faerlina,1/15/21,21:45:24,1610783124-7,[Icy Scale Coif],23033,item:23033::::::::60,Holding,nil,MAGE,Naxxramas-40 Player,Heigan the Unclean,9,533,40,,,5,true,Mail,Head,,Anastasia-Faerlina
Anastasia-Faerlina,1/15/21,22:00:38,1610784038-8,[Cryptfiend Silk Cloak],22938,item:22938::::::::60,Holding,nil,MAGE,Naxxramas-40 Player,Anub'Rekhan,9,533,40,,,5,true,Cloth,Back,,Anastasia-Faerlina
Anastasia-Faerlina,1/15/21,22:03:06,1610784186-9,[Blasthorn Bow of Marksmanship],15288,item:15288::::::1712:929988480:60,Holding,nil,MAGE,Naxxramas-40 Player,Anub'Rekhan,9,533,40,,,5,true,Bows,Ranged,,Anastasia-Faerlina
Anastasia-Faerlina,1/15/21,22:04:15,1610784255-10,[Traveler's Jerkin],8296,item:8296::::::::60,Holding,nil,MAGE,Naxxramas-40 Player,Anub'Rekhan,9,533,40,,,5,true,Leather,Chest,,Anastasia-Faerlina
Anastasia-Faerlina,1/15/21,22:17:02,1610785022-11,[Master's Bracers of the Owl],10248,item:10248::::::779:376764672:60,Holding,nil,MAGE,Naxxramas-40 Player,Anub'Rekhan,9,533,40,,,5,true,Cloth,Wrist,,Anastasia-Faerlina
Anastasia-Faerlina,1/15/21,22:17:04,1610785024-12,[Solstice Staff of Intellect],15278,item:15278::::::394:1091019264:60,Holding,nil,MAGE,Naxxramas-40 Player,Anub'Rekhan,9,533,40,,,5,true,Staves,Two-Hand,,Anastasia-Faerlina
Anastasia-Faerlina,1/15/21,22:17:58,1610785078-13,[Mercurial Gauntlets of the Falcon],10161,item:10161::::::453:1104853888:60,Holding,nil,MAGE,Naxxramas-40 Player,Anub'Rekhan,9,533,40,,,5,true,Mail,Hands,,Anastasia-Faerlina
Anastasia-Faerlina,1/15/21,22:20:07,1610785207-14,[Widow's Remorse],22806,item:22806::::::::60,Holding,nil,MAGE,Naxxramas-40 Player,Grand Widow Faerlina,9,533,40,,,5,true,One-Handed Swords,One-Hand,,Anastasia-Faerlina
Anastasia-Faerlina,1/15/21,22:46:20,1610786780-15,[Pendant of Forgotten Names],22947,item:22947::::::::60,Holding,nil,MAGE,Naxxramas-40 Player,Maexxna,9,533,40,,,5,true,Miscellaneous,Neck,,Anastasia-Faerlina
Anastasia-Faerlina,1/15/21,23:07:38,1610788058-16,[Idol of Longevity],23004,item:23004::::::::60,Holding,nil,MAGE,Naxxramas-40 Player,Instructor Razuvious,9,533,40,,,5,true,Idols,Relic,,Anastasia-Faerlina
Anastasia-Faerlina,1/15/21,23:21:17,1610788877-0,[Glacial Headdress],23032,item:23032::::::::60,Holding,nil,MAGE,Naxxramas-40 Player,Gothik the Harvester,9,533,40,,,5,true,Cloth,Head,,Anastasia-Faerlina
Anastasia-Faerlina,1/15/21,23:23:14,1610788994-1,[Masterwork Girdle of the Monkey],10269,item:10269::::::621:630529152:60,Holding,nil,MAGE,Naxxramas-40 Player,Gothik the Harvester,9,533,40,,,5,true,Mail,Waist,,Anastasia-Faerlina
Anastasia-Faerlina,1/15/21,23:28:16,1610789296-2,[Battlefell Sabre of Strength],15220,item:15220::::::192:1617294592:60,Holding,nil,MAGE,Naxxramas-40 Player,Gothik the Harvester,9,533,40,,,5,true,One-Handed Swords,Main Hand,,Anastasia-Faerlina
Anastasia-Faerlina,1/15/21,23:38:20,1610789900-3,[Warmth of Forgiveness],23027,item:23027::::::::60,Holding,nil,MAGE,Naxxramas-40 Player,The Four Horsemen,9,533,40,,,5,true,Miscellaneous,Trinket,,Anastasia-Faerlina
Anastasia-Faerlina,1/16/21,00:06:21,1610791581-4,[Sapphiron's Left Eye],23049,item:23049::::::::60,Holding,nil,MAGE,Naxxramas-40 Player,Sapphiron,9,533,40,,,5,true,Miscellaneous,Held In Off-hand,,Anastasia-Faerlina
Anastasia-Faerlina,1/16/21,00:06:21,1610791581-5,[The Face of Death],23043,item:23043::::::::60,Holding,nil,MAGE,Naxxramas-40 Player,Sapphiron,9,533,40,,,5,true,Shields,Off Hand,,Anastasia-Faerlina
Anastasia-Faerlina,1/16/21,21:14:09,1610867649-0,[Ring of the Cryptstalker],23067,item:23067::::::::60,Holding,nil,MAGE,Naxxramas-40 Player,Kel'Thuzad,9,533,40,,,5,true,Miscellaneous,Finger,,Anastasia-Faerlina
Anastasia-Faerlina,1/16/21,21:14:10,1610867650-1,[Stormrage's Talisman of Seething],23053,item:23053::::::::60,Holding,nil,MAGE,Naxxramas-40 Player,Kel'Thuzad,9,533,40,,,5,true,Miscellaneous,Neck,,Anastasia-Faerlina
Anastasia-Faerlina,1/16/21,21:14:10,1610867650-2,[Gem of Trapped Innocents],23057,item:23057::::::::60,Holding,nil,MAGE,Naxxramas-40 Player,Kel'Thuzad,9,533,40,,,5,true,Miscellaneous,Neck,,Anastasia-Faerlina
Anastasia-Faerlina,1/16/21,21:14:10,1610867650-3,[Frostfire Ring],23062,item:23062::::::::60,Holding,nil,MAGE,Naxxramas-40 Player,Kel'Thuzad,9,533,40,,,5,true,Miscellaneous,Finger,,Anastasia-Faerlina
Anastasia-Faerlina,1/16/21,21:41:42,1610869302-0,[Leggings of Immersion],21698,item:21698::::::::60,Holding,nil,MAGE,Ahn'Qiraj Temple-40 Player,The Prophet Skeram,9,531,40,,,5,true,Leather,Legs,,Anastasia-Faerlina
Anastasia-Faerlina,1/16/21,21:41:42,1610869302-1,[Ring of Swarming Thought],21707,item:21707::::::::60,Holding,nil,MAGE,Ahn'Qiraj Temple-40 Player,The Prophet Skeram,9,531,40,,,5,true,Miscellaneous,Finger,,Anastasia-Faerlina
Anastasia-Faerlina,1/16/21,22:03:03,1610870583-2,[Gauntlets of the Righteous Champion],21623,item:21623::::::::60,Holding,nil,MAGE,Ahn'Qiraj Temple-40 Player,Viscidus,9,531,40,,,5,true,Plate,Hands,,Anastasia-Faerlina
Anastasia-Faerlina,1/16/21,22:12:04,1610871124-3,[Cloak of the Golden Hive],21621,item:21621::::::::60,Holding,nil,MAGE,Ahn'Qiraj Temple-40 Player,Princess Huhuran,9,531,40,,,5,true,Cloth,Back,,Anastasia-Faerlina
Anastasia-Faerlina,1/16/21,22:26:22,1610871982-4,[Belt of the Fallen Emperor],21606,item:21606::::::::60,Holding,nil,MAGE,Ahn'Qiraj Temple-40 Player,Twin Emperors,9,531,40,,,5,true,Plate,Waist,,Anastasia-Faerlina
Anastasia-Faerlina,1/16/21,22:26:36,1610871996-5,[Vek'lor's Gloves of Devastation],21599,item:21599::::::::60,Holding,nil,MAGE,Ahn'Qiraj Temple-40 Player,Twin Emperors,9,531,40,,,5,true,Mail,Hands,,Anastasia-Faerlina
Anastasia-Faerlina,1/16/21,22:36:56,1610872616-6,[Warleader's Shoulders],14868,item:14868::::::::60,Holding,nil,MAGE,Ahn'Qiraj Temple-40 Player,Twin Emperors,9,531,40,,,5,true,Plate,Shoulder,,Anastasia-Faerlina
Anastasia-Faerlina,1/16/21,22:40:55,1610872855-7,[Warleader's Shield],15991,item:15991::::::::60,Holding,nil,MAGE,Ahn'Qiraj Temple-40 Player,Twin Emperors,9,531,40,,,5,true,Shields,Off Hand,,Anastasia-Faerlina
Anastasia-Faerlina,1/16/21,23:01:32,1610874092-8,[Cloak of the Devoured],22731,item:22731::::::::60,Holding,nil,MAGE,Ahn'Qiraj Temple-40 Player,C'thun,9,531,40,,,5,true,Cloth,Back,,Anastasia-Faerlina
Anastasia-Faerlina,1/16/21,23:01:33,1610874093-9,[Grasp of the Old God],21582,item:21582::::::::60,Holding,nil,MAGE,Ahn'Qiraj Temple-40 Player,C'thun,9,531,40,,,5,true,Cloth,Waist,,Anastasia-Faerlina
Anastasia-Faerlina,1/16/21,23:27:40,1610875660-10,[Stormrage Bracers],16904,item:16904::::::::60,Holding,nil,MAGE,Blackwing Lair-40 Player,Razorgore the Untamed,9,469,40,,,5,true,Leather,Wrist,,Anastasia-Faerlina
Anastasia-Faerlina,1/16/21,23:27:40,1610875660-11,[The Black Book],19337,item:19337::::::::60,Holding,nil,MAGE,Blackwing Lair-40 Player,Razorgore the Untamed,9,469,40,,,5,true,Miscellaneous,Trinket,,Anastasia-Faerlina
Anastasia-Faerlina,1/16/21,23:27:41,1610875661-12,[Bracelets of Wrath],16959,item:16959::::::::60,Holding,nil,MAGE,Blackwing Lair-40 Player,Razorgore the Untamed,9,469,40,,,5,true,Plate,Wrist,,Anastasia-Faerlina
Anastasia-Faerlina,1/16/21,23:32:02,1610875922-13,[Nemesis Belt],16933,item:16933::::::::60,Holding,nil,MAGE,Blackwing Lair-40 Player,Vaelastrasz the Corrupt,9,469,40,,,5,true,Cloth,Waist,,Anastasia-Faerlina
Anastasia-Faerlina,1/16/21,23:32:02,1610875922-14,[Dragonfang Blade],19346,item:19346::::::::60,Holding,nil,MAGE,Blackwing Lair-40 Player,Vaelastrasz the Corrupt,9,469,40,,,5,true,Daggers,One-Hand,,Anastasia-Faerlina
Anastasia-Faerlina,1/16/21,23:32:03,1610875923-15,[Stormrage Belt],16903,item:16903::::::::60,Holding,nil,MAGE,Blackwing Lair-40 Player,Vaelastrasz the Corrupt,9,469,40,,,5,true,Leather,Waist,,Anastasia-Faerlina
Anastasia-Faerlina,1/16/21,23:34:30,1610876070-16,[Cloak of Draconic Might],19436,item:19436::::::::60,Holding,nil,MAGE,Blackwing Lair-40 Player,Vaelastrasz the Corrupt,9,469,40,,,5,true,Cloth,Back,,Anastasia-Faerlina
Anastasia-Faerlina,1/16/21,23:41:40,1610876500-17,[Bloodfang Boots],16906,item:16906::::::::60,Holding,nil,MAGE,Blackwing Lair-40 Player,Broodlord Lashlayer,9,469,40,,,5,true,Leather,Feet,,Anastasia-Faerlina
Anastasia-Faerlina,1/16/21,23:41:41,1610876501-19,[Stormrage Boots],16898,item:16898::::::::60,Holding,nil,MAGE,Blackwing Lair-40 Player,Broodlord Lashlayer,9,469,40,,,5,true,Leather,Feet,,Anastasia-Faerlina
Anastasia-Faerlina,1/16/21,23:41:40,1610876500-18,[Bracers of Arcane Accuracy],19374,item:19374::::::::60,Holding,nil,MAGE,Blackwing Lair-40 Player,Broodlord Lashlayer,9,469,40,,,5,true,Cloth,Wrist,,Anastasia-Faerlina
Anastasia-Faerlina,1/16/21,23:45:40,1610876740-20,[Essence Gatherer],19435,item:19435::::::::60,Holding,nil,MAGE,Blackwing Lair-40 Player,Broodlord Lashlayer,9,469,40,,,5,true,Wands,,,Anastasia-Faerlina
Anastasia-Faerlina,1/16/21,23:48:44,1610876924-21,[Netherwind Gloves],16913,item:16913::::::::60,Holding,nil,MAGE,Blackwing Lair-40 Player,Firemaw,9,469,40,,,5,true,Cloth,Hands,,Anastasia-Faerlina
Anastasia-Faerlina,1/16/21,23:48:44,1610876924-22,[Claw of the Black Drake],19365,item:19365::::::::60,Holding,nil,MAGE,Blackwing Lair-40 Player,Firemaw,9,469,40,,,5,true,Fist Weapons,Main Hand,,Anastasia-Faerlina
Anastasia-Faerlina,1/16/21,23:52:45,1610877165-23,[Battlefell Sabre of the Tiger],15220,item:15220::::::688:1040616832:60,Holding,nil,MAGE,Blackwing Lair-40 Player,Firemaw,9,469,40,,,5,true,One-Handed Swords,Main Hand,,Anastasia-Faerlina
Anastasia-Faerlina,1/16/21,23:55:22,1610877322-24,[Dragon Finger of the Eagle],15282,item:15282::::::851:1185960704:60,Holding,nil,MAGE,Blackwing Lair-40 Player,Firemaw,9,469,40,,,5,true,Wands,,,Anastasia-Faerlina
Anastasia-Faerlina,1/17/21,00:00:03,1610877603-25,[Handguards of Transcendence],16920,item:16920::::::::60,Holding,nil,MAGE,Blackwing Lair-40 Player,Ebonroc,9,469,40,,,5,true,Cloth,Hands,,Anastasia-Faerlina
Anastasia-Faerlina,1/17/21,00:00:03,1610877603-26,[Ebony Flame Gloves],19407,item:19407::::::::60,Holding,nil,MAGE,Blackwing Lair-40 Player,Ebonroc,9,469,40,,,5,true,Cloth,Hands,,Anastasia-Faerlina
Anastasia-Faerlina,1/17/21,00:01:50,1610877710-27,[Dragonstalker's Gauntlets],16940,item:16940::::::::60,Holding,nil,MAGE,Blackwing Lair-40 Player,Flamegor,9,469,40,,,5,true,Mail,Hands,,Anastasia-Faerlina
Anastasia-Faerlina,1/17/21,00:01:51,1610877711-28,[Herald of Woe],19357,item:19357::::::::60,Holding,nil,MAGE,Blackwing Lair-40 Player,Flamegor,9,469,40,,,5,true,Two-Handed Maces,Two-Hand,,Anastasia-Faerlina
Anastasia-Faerlina,1/17/21,00:07:09,1610878029-29,[Bloodfang Spaulders],16832,item:16832::::::::60,Holding,nil,MAGE,Blackwing Lair-40 Player,Chromaggus,9,469,40,,,5,true,Leather,Shoulder,,Anastasia-Faerlina
Anastasia-Faerlina,1/17/21,00:07:10,1610878030-30,[Taut Dragonhide Gloves],19390,item:19390::::::::60,Holding,nil,MAGE,Blackwing Lair-40 Player,Chromaggus,9,469,40,,,5,true,Leather,Hands,,Anastasia-Faerlina
Anastasia-Faerlina,1/17/21,00:07:11,1610878031-32,[Angelista's Grasp],19388,item:19388::::::::60,Holding,nil,MAGE,Blackwing Lair-40 Player,Chromaggus,9,469,40,,,5,true,Cloth,Waist,,Anastasia-Faerlina
Anastasia-Faerlina,1/17/21,00:07:10,1610878030-31,[Pauldrons of Wrath],16961,item:16961::::::::60,Holding,nil,MAGE,Blackwing Lair-40 Player,Chromaggus,9,469,40,,,5,true,Plate,Shoulder,,Anastasia-Faerlina
Anastasia-Faerlina,1/17/21,00:14:14,1610878454-33,[Dragonstalker's Breastplate],16942,item:16942::::::::60,Holding,nil,MAGE,Blackwing Lair-40 Player,Nefarian,9,469,40,,,5,true,Mail,Chest,,Anastasia-Faerlina
Anastasia-Faerlina,1/17/21,00:14:14,1610878454-34,[Nemesis Robes],16931,item:16931::::::::60,Holding,nil,MAGE,Blackwing Lair-40 Player,Nefarian,9,469,40,,,5,true,Cloth,Chest,,Anastasia-Faerlina
Anastasia-Faerlina,1/17/21,00:14:14,1610878454-35,[Prestor's Talisman of Connivery],19377,item:19377::::::::60,Holding,nil,MAGE,Blackwing Lair-40 Player,Nefarian,9,469,40,,,5,true,Miscellaneous,Neck,,Anastasia-Faerlina
Anastasia-Faerlina,1/17/21,00:14:15,1610878455-36,[Boots of the Shadow Flame],19381,item:19381::::::::60,Holding,nil,MAGE,Blackwing Lair-40 Player,Nefarian,9,469,40,,,5,true,Leather,Feet,,Anastasia-Faerlina
Anastasia-Faerlina,1/17/21,00:14:16,1610878456-39,[Adventurer's Bandana of Stamina],10261,item:10261::::::344:1689556480:60,Holding,nil,MAGE,Blackwing Lair-40 Player,Nefarian,9,469,40,,,5,true,Leather,Head,,Anastasia-Faerlina
Anastasia-Faerlina,1/17/21,00:14:16,1610878456-38,[Hydralick Armor],13067,item:13067::::::::60,Holding,nil,MAGE,Blackwing Lair-40 Player,Nefarian,9,469,40,,,5,true,Plate,Chest,,Anastasia-Faerlina
Anastasia-Faerlina,1/17/21,00:14:15,1610878455-37,[Brutehammer of Spirit],15267,item:15267::::::421:123961728:60,Holding,nil,MAGE,Blackwing Lair-40 Player,Nefarian,9,469,40,,,5,true,Two-Handed Maces,Two-Hand,,Anastasia-Faerlina
Anastasia-Faerlina,1/17/21,00:14:16,1610878456-40,[Battlecaller Gauntlets],13126,item:13126::::::::60,Holding,nil,MAGE,Blackwing Lair-40 Player,Nefarian,9,469,40,,,5,true,Mail,Hands,,Anastasia-Faerlina
Anastasia-Faerlina,2/13/21,21:06:43,1613286403-1,[Boots of the Unwavering Will],21706,item:21706::::::::60,Holding,nil,MAGE,Ahn'Qiraj Temple-40 Player,The Prophet Skeram,9,531,40,,,5,true,Plate,Feet,,Anastasia-Faerlina
Anastasia-Faerlina,2/13/21,21:06:43,1613286403-0,[Amulet of Foul Warding],21702,item:21702::::::::60,Holding,nil,MAGE,Ahn'Qiraj Temple-40 Player,The Prophet Skeram,9,531,40,,,5,true,Miscellaneous,Neck,,Anastasia-Faerlina
Anastasia-Faerlina,2/13/21,21:09:31,1613286571-2,[Bludstone Hammer],13028,item:13028::::::::60,Holding,nil,MAGE,Ahn'Qiraj Temple-40 Player,The Prophet Skeram,9,531,40,,,5,true,One-Handed Maces,Main Hand,,Anastasia-Faerlina
Anastasia-Faerlina,2/13/21,21:16:02,1613286962-3,[Blasthorn Bow of Marksmanship],15288,item:15288::::::1711:1891533056:60,Holding,nil,MAGE,Ahn'Qiraj Temple-40 Player,Silithid Royalty,9,531,40,,,5,true,Bows,Ranged,,Anastasia-Faerlina
Anastasia-Faerlina,2/13/21,21:21:00,1613287260-4,[Hive Tunneler's Boots],21645,item:21645::::::::60,Holding,nil,MAGE,Ahn'Qiraj Temple-40 Player,Fankriss the Unyielding,9,531,40,,,5,true,Leather,Feet,,Anastasia-Faerlina
Anastasia-Faerlina,2/13/21,21:21:00,1613287260-5,[Scaled Sand Reaver Leggings],21651,item:21651::::::::60,Holding,nil,MAGE,Ahn'Qiraj Temple-40 Player,Fankriss the Unyielding,9,531,40,,,5,true,Mail,Legs,,Anastasia-Faerlina
Anastasia-Faerlina,2/13/21,21:24:32,1613287472-6,[Slime-coated Leggings],21626,item:21626::::::::60,Holding,nil,MAGE,Ahn'Qiraj Temple-40 Player,Viscidus,9,531,40,,,5,true,Mail,Legs,,Anastasia-Faerlina
Anastasia-Faerlina,2/13/21,21:27:06,1613287626-7,[Battlefell Sabre of the Tiger],15220,item:15220::::::688:670326912:60,Holding,nil,MAGE,Ahn'Qiraj Temple-40 Player,Viscidus,9,531,40,,,5,true,One-Handed Swords,Main Hand,,Anastasia-Faerlina
Anastasia-Faerlina,2/13/21,21:31:00,1613287860-8,[Hive Defiler Wristguards],21618,item:21618::::::::60,Holding,nil,MAGE,Ahn'Qiraj Temple-40 Player,Princess Huhuran,9,531,40,,,5,true,Plate,Wrist,,Anastasia-Faerlina
Anastasia-Faerlina,2/13/21,21:40:44,1613288444-9,[Royal Scepter of Vek'lor],21597,item:21597::::::::60,Holding,nil,MAGE,Ahn'Qiraj Temple-40 Player,Twin Emperors,9,531,40,,,5,true,Miscellaneous,Held In Off-hand,,Anastasia-Faerlina
Anastasia-Faerlina,2/13/21,21:41:00,1613288460-10,[Amulet of Vek'nilash],21608,item:21608::::::::60,Holding,nil,MAGE,Ahn'Qiraj Temple-40 Player,Twin Emperors,9,531,40,,,5,true,Miscellaneous,Neck,,Anastasia-Faerlina
Anastasia-Faerlina,2/13/21,22:13:54,1613290434-11,[Death's Sting],21126,item:21126::::::::60,Holding,nil,MAGE,Ahn'Qiraj Temple-40 Player,C'thun,9,531,40,,,5,true,Daggers,One-Hand,,Anastasia-Faerlina
Anastasia-Faerlina,2/13/21,22:13:55,1613290435-12,[Mark of C'Thun],22732,item:22732::::::::60,Holding,nil,MAGE,Ahn'Qiraj Temple-40 Player,C'thun,9,531,40,,,5,true,Miscellaneous,Neck,,Anastasia-Faerlina
Anastasia-Faerlina,2/19/21,21:11:39,1613805099-0,[Elegant Mantle of Frozen Wrath],10210,item:10210::::::1970:1855282048:60,Holding,nil,MAGE,Naxxramas-40 Player,Unknown,9,533,40,,,5,true,Cloth,Shoulder,,Anastasia-Faerlina
Anastasia-Faerlina,2/19/21,21:17:54,1613805474-1,[The Plague Bearer],22818,item:22818::::::::60,Holding,nil,MAGE,Naxxramas-40 Player,Patchwerk,9,533,40,,,5,true,Shields,Off Hand,,Anastasia-Faerlina
Anastasia-Faerlina,2/19/21,21:23:46,1613805826-2,[Toxin Injector],22810,item:22810::::::::60,Holding,nil,MAGE,Naxxramas-40 Player,Grobbulus,9,533,40,,,5,true,Guns,,,Anastasia-Faerlina
Anastasia-Faerlina,2/19/21,21:26:04,1613805964-3,[Rime Covered Mantle],22983,item:22983::::::::60,Holding,nil,MAGE,Naxxramas-40 Player,Gluth,9,533,40,,,5,true,Cloth,Shoulder,,Anastasia-Faerlina
Anastasia-Faerlina,2/19/21,21:30:59,1613806259-4,[Spire of Twilight],22801,item:22801::::::::60,Holding,nil,MAGE,Naxxramas-40 Player,Thaddius,9,533,40,,,5,true,Staves,Two-Hand,,Anastasia-Faerlina
Anastasia-Faerlina,2/19/21,21:38:23,1613806703-5,[Cloak of the Scourge],23030,item:23030::::::::60,Holding,nil,MAGE,Naxxramas-40 Player,Noth the Plaguebringer,9,533,40,,,5,true,Cloth,Back,,Anastasia-Faerlina
Anastasia-Faerlina,2/19/21,21:42:30,1613806950-6,[Icebane Helmet],23019,item:23019::::::::60,Holding,nil,MAGE,Naxxramas-40 Player,Heigan the Unclean,9,533,40,,,5,true,Plate,Head,,Anastasia-Faerlina
Anastasia-Faerlina,2/19/21,21:49:51,1613807391-7,[Loatheb's Reflection],23042,item:23042::::::::60,Holding,nil,MAGE,Naxxramas-40 Player,Loatheb,9,533,40,,,5,true,Miscellaneous,Trinket,,Anastasia-Faerlina
Anastasia-Faerlina,2/19/21,21:56:06,1613807766-8,[Gem of Nerubis],22937,item:22937::::::::60,Holding,nil,MAGE,Naxxramas-40 Player,Anub'Rekhan,9,533,40,,,5,true,Miscellaneous,Held In Off-hand,,Anastasia-Faerlina
Anastasia-Faerlina,2/19/21,22:06:56,1613808416-9,[Sharpshooter Harquebus of the Monkey],15325,item:15325::::::596:866406016:60,Holding,nil,MAGE,Naxxramas-40 Player,Anub'Rekhan,9,533,40,,,5,true,Guns,,,Anastasia-Faerlina
Anastasia-Faerlina,2/19/21,22:08:44,1613808524-10,[Icebane Pauldrons],22940,item:22940::::::::60,Holding,nil,MAGE,Naxxramas-40 Player,Grand Widow Faerlina,9,533,40,,,5,true,Plate,Shoulder,,Anastasia-Faerlina
Anastasia-Faerlina,2/19/21,22:13:31,1613808811-11,[Adventurer's Bracers of the Monkey],10256,item:10256::::::611:918328576:60,Holding,nil,MAGE,Naxxramas-40 Player,Grand Widow Faerlina,9,533,40,,,5,true,Leather,Wrist,,Anastasia-Faerlina
Anastasia-Faerlina,2/19/21,22:18:45,1613809125-12,[Kiss of the Spider],22954,item:22954::::::::60,Holding,nil,MAGE,Naxxramas-40 Player,Maexxna,9,533,40,,,5,true,Miscellaneous,Trinket,,Anastasia-Faerlina
Anastasia-Faerlina,2/19/21,22:22:12,1613809332-13,[Masterwork Bracers of Agility],10265,item:10265::::::267:1658877184:60,Holding,nil,MAGE,Naxxramas-40 Player,Maexxna,9,533,40,,,5,true,Mail,Wrist,,Anastasia-Faerlina
Anastasia-Faerlina,2/19/21,22:22:21,1613809341-14,[Divine Warblade of the Bear],15258,item:15258::::::1233:1083765248:60,Holding,nil,MAGE,Naxxramas-40 Player,Maexxna,9,533,40,,,5,true,Two-Handed Swords,Two-Hand,,Anastasia-Faerlina
Anastasia-Faerlina,2/19/21,22:22:23,1613809343-15,[Fierce Mauler of the Eagle],15266,item:15266::::::889:1022117888:60,Holding,nil,MAGE,Naxxramas-40 Player,Maexxna,9,533,40,,,5,true,Two-Handed Maces,Two-Hand,,Anastasia-Faerlina
Anastasia-Faerlina,2/19/21,22:34:08,1613810048-16,[Signet of the Fallen Defender],23018,item:23018::::::::60,Holding,nil,MAGE,Naxxramas-40 Player,Instructor Razuvious,9,533,40,,,5,true,Miscellaneous,Finger,,Anastasia-Faerlina
Anastasia-Faerlina,2/19/21,22:44:22,1613810662-0,[Sadist's Collar],23023,item:23023::::::::60,Holding,nil,MAGE,Naxxramas-40 Player,Gothik the Harvester,9,533,40,,,5,true,Miscellaneous,Neck,,Anastasia-Faerlina
Anastasia-Faerlina,2/19/21,22:46:45,1613810805-1,[Hyperion Girdle of Power],10387,item:10387::::::1566:2136267520:60,Holding,nil,MAGE,Naxxramas-40 Player,Gothik the Harvester,9,533,40,,,5,true,Plate,Waist,,Anastasia-Faerlina
Anastasia-Faerlina,2/19/21,22:59:59,1613811599-2,[Soulstring],22811,item:22811::::::::60,Holding,nil,MAGE,Naxxramas-40 Player,The Four Horsemen,9,533,40,,,5,true,Bows,Ranged,,Anastasia-Faerlina
Anastasia-Faerlina,2/19/21,23:55:02,1613814902-3,[Ring of Faith],23061,item:23061::::::::60,Holding,nil,MAGE,Naxxramas-40 Player,Kel'Thuzad,9,533,40,,,5,true,Miscellaneous,Finger,,Anastasia-Faerlina
Anastasia-Faerlina,2/19/21,23:55:03,1613814903-4,"[Gressil, Dawn of Ruin]",23054,item:23054::::::::60,Holding,nil,MAGE,Naxxramas-40 Player,Kel'Thuzad,9,533,40,,,5,true,One-Handed Swords,One-Hand,,Anastasia-Faerlina
Anastasia-Faerlina,2/19/21,23:55:04,1613814904-5,[Gem of Trapped Innocents],23057,item:23057::::::::60,Holding,nil,MAGE,Naxxramas-40 Player,Kel'Thuzad,9,533,40,,,5,true,Miscellaneous,Neck,,Anastasia-Faerlina
Anastasia-Faerlina,2/20/21,21:04:21,1613891061-0,[Dragonscale Band],12057,item:12057::::::::60,Holding,nil,MAGE,Ahn'Qiraj Temple-40 Player,Unknown,9,531,40,,,5,true,Miscellaneous,Finger,,Anastasia-Faerlina
Anastasia-Faerlina,2/20/21,21:08:10,1613891290-1,[Leggings of Immersion],21698,item:21698::::::::60,Holding,nil,MAGE,Ahn'Qiraj Temple-40 Player,The Prophet Skeram,9,531,40,,,5,true,Leather,Legs,,Anastasia-Faerlina
Anastasia-Faerlina,2/20/21,21:08:10,1613891290-2,[Beetle Scaled Wristguards],21708,item:21708::::::::60,Holding,nil,MAGE,Ahn'Qiraj Temple-40 Player,The Prophet Skeram,9,531,40,,,5,true,Leather,Wrist,,Anastasia-Faerlina
Anastasia-Faerlina,2/20/21,21:10:28,1613891428-3,[Fierce Mauler of the Whale],15266,item:15266::::::1058:1087759232:60,Holding,nil,MAGE,Ahn'Qiraj Temple-40 Player,The Prophet Skeram,9,531,40,,,5,true,Two-Handed Maces,Two-Hand,,Anastasia-Faerlina
Anastasia-Faerlina,2/20/21,21:20:55,1613892055-5,[Silithid Claw],21673,item:21673::::::::60,Holding,nil,MAGE,Ahn'Qiraj Temple-40 Player,Battleguard Sartura,9,531,40,,,5,true,Fist Weapons,Main Hand,,Anastasia-Faerlina
Anastasia-Faerlina,2/20/21,21:20:55,1613892055-4,[Badge of the Swarmguard],21670,item:21670::::::::60,Holding,nil,MAGE,Ahn'Qiraj Temple-40 Player,Battleguard Sartura,9,531,40,,,5,true,Miscellaneous,Trinket,,Anastasia-Faerlina
Anastasia-Faerlina,2/20/21,21:28:51,1613892531-6,[Slime-coated Leggings],21626,item:21626::::::::60,Holding,nil,MAGE,Ahn'Qiraj Temple-40 Player,Viscidus,9,531,40,,,5,true,Mail,Legs,,Anastasia-Faerlina
Anastasia-Faerlina,2/20/21,21:36:38,1613892998-7,[Cloak of the Golden Hive],21621,item:21621::::::::60,Holding,nil,MAGE,Ahn'Qiraj Temple-40 Player,Princess Huhuran,9,531,40,,,5,true,Cloth,Back,,Anastasia-Faerlina
Anastasia-Faerlina,2/20/21,21:49:00,1613893740-8,[Royal Scepter of Vek'lor],21597,item:21597::::::::60,Holding,nil,MAGE,Ahn'Qiraj Temple-40 Player,Twin Emperors,9,531,40,,,5,true,Miscellaneous,Held In Off-hand,,Anastasia-Faerlina
Anastasia-Faerlina,2/20/21,21:49:17,1613893757-9,[Gloves of the Hidden Temple],21605,item:21605::::::::60,Holding,nil,MAGE,Ahn'Qiraj Temple-40 Player,Twin Emperors,9,531,40,,,5,true,Leather,Hands,,Anastasia-Faerlina
Anastasia-Faerlina,2/20/21,22:30:22,1613896222-1,[Mark of C'Thun],22732,item:22732::::::::60,Holding,nil,MAGE,Ahn'Qiraj Temple-40 Player,C'thun,9,531,40,,,5,true,Miscellaneous,Neck,,Anastasia-Faerlina
Anastasia-Faerlina,2/20/21,22:30:22,1613896222-0,[Ring of the Godslayer],21596,item:21596::::::::60,Holding,nil,MAGE,Ahn'Qiraj Temple-40 Player,C'thun,9,531,40,,,5,true,Miscellaneous,Finger,,Anastasia-Faerlina
Anastasia-Faerlina,2/26/21,21:32:00,1614411120-3,[Plated Abomination Ribcage],23000,item:23000::::::::60,Holding,nil,MAGE,Naxxramas-40 Player,Thaddius,9,533,40,,,5,true,Plate,Chest,,Anastasia-Faerlina
Anastasia-Faerlina,2/26/21,21:39:49,1614411589-4,[Cloak of the Scourge],23030,item:23030::::::::60,Holding,nil,MAGE,Naxxramas-40 Player,Noth the Plaguebringer,9,533,40,,,5,true,Cloth,Back,,Anastasia-Faerlina
Anastasia-Faerlina,2/26/21,21:44:21,1614411861-5,[Necklace of Necropsy],23036,item:23036::::::::60,Holding,nil,MAGE,Naxxramas-40 Player,Heigan the Unclean,9,533,40,,,5,true,Miscellaneous,Neck,,Anastasia-Faerlina
Anastasia-Faerlina,2/26/21,21:50:35,1614412235-6,[Ring of Spiritual Fervor],23037,item:23037::::::::60,Holding,nil,MAGE,Naxxramas-40 Player,Loatheb,9,533,40,,,5,true,Miscellaneous,Finger,,Anastasia-Faerlina
Anastasia-Faerlina,2/26/21,21:56:33,1614412593-7,[Wristguards of Vengeance],22936,item:22936::::::::60,Holding,nil,MAGE,Naxxramas-40 Player,Anub'Rekhan,9,533,40,,,5,true,Plate,Wrist,,Anastasia-Faerlina
Anastasia-Faerlina,2/26/21,22:00:03,1614412803-8,[Peridot Circle of Fire Resistance],11979,item:11979::::::1418:19546496:60,Holding,nil,MAGE,Naxxramas-40 Player,Anub'Rekhan,9,533,40,,,5,true,Miscellaneous,Finger,,Anastasia-Faerlina
Anastasia-Faerlina,2/26/21,22:10:03,1614413403-9,[Widow's Remorse],22806,item:22806::::::::60,Holding,nil,MAGE,Naxxramas-40 Player,Grand Widow Faerlina,9,533,40,,,5,true,One-Handed Swords,One-Hand,,Anastasia-Faerlina
Anastasia-Faerlina,2/26/21,22:37:07,1614415027-10,[Idol of Longevity],23004,item:23004::::::::60,Holding,nil,MAGE,Naxxramas-40 Player,Instructor Razuvious,9,533,40,,,5,true,Idols,Relic,,Anastasia-Faerlina
Anastasia-Faerlina,2/26/21,22:48:03,1614415683-0,[Boots of Displacement],23073,item:23073::::::::60,Holding,nil,MAGE,Naxxramas-40 Player,Gothik the Harvester,9,533,40,,,5,true,Leather,Feet,,Anastasia-Faerlina
Anastasia-Faerlina,2/26/21,23:04:35,1614416675-1,[Corrupted Ashbringer],22691,item:22691::::::::60,Holding,nil,MAGE,Naxxramas-40 Player,The Four Horsemen,9,533,40,,,5,true,Two-Handed Swords,Two-Hand,,Anastasia-Faerlina
Anastasia-Faerlina,2/26/21,23:59:08,1614419948-2,[Ring of Faith],23061,item:23061::::::::60,Holding,nil,MAGE,Naxxramas-40 Player,Kel'Thuzad,9,533,40,,,5,true,Miscellaneous,Finger,,Anastasia-Faerlina
Anastasia-Faerlina,2/26/21,23:59:09,1614419949-3,[The Hungering Cold],23577,item:23577::::::::60,Holding,nil,MAGE,Naxxramas-40 Player,Kel'Thuzad,9,533,40,,,5,true,One-Handed Swords,One-Hand,,Anastasia-Faerlina
Anastasia-Faerlina,2/26/21,23:59:10,1614419950-4,[Gem of Trapped Innocents],23057,item:23057::::::::60,Holding,nil,MAGE,Naxxramas-40 Player,Kel'Thuzad,9,533,40,,,5,true,Miscellaneous,Neck,,Anastasia-Faerlina
Anastasia-Faerlina,2/26/21,23:59:10,1614419950-5,[Ring of Redemption],23066,item:23066::::::::60,Holding,nil,MAGE,Naxxramas-40 Player,Kel'Thuzad,9,533,40,,,5,true,Miscellaneous,Finger,,Anastasia-Faerlina
Anastasia-Faerlina,2/27/21,21:06:46,1614496006-0,[Pendant of the Qiraji Guardian],21700,item:21700::::::::60,Holding,nil,MAGE,Ahn'Qiraj Temple-40 Player,The Prophet Skeram,9,531,40,,,5,true,Miscellaneous,Neck,,Anastasia-Faerlina
Anastasia-Faerlina,2/27/21,21:06:46,1614496006-1,[Breastplate of Annihilation],21814,item:21814::::::::60,Holding,nil,MAGE,Ahn'Qiraj Temple-40 Player,The Prophet Skeram,9,531,40,,,5,true,Plate,Chest,,Anastasia-Faerlina
Anastasia-Faerlina,2/27/21,21:19:06,1614496746-3,[Leggings of the Festering Swarm],21676,item:21676::::::::60,Holding,nil,MAGE,Ahn'Qiraj Temple-40 Player,Battleguard Sartura,9,531,40,,,5,true,Cloth,Legs,,Anastasia-Faerlina
Anastasia-Faerlina,2/27/21,21:19:05,1614496745-2,[Creeping Vine Helm],21669,item:21669::::::::60,Holding,nil,MAGE,Ahn'Qiraj Temple-40 Player,Battleguard Sartura,9,531,40,,,5,true,Leather,Head,,Anastasia-Faerlina
Anastasia-Faerlina,2/27/21,21:25:53,1614497153-4,[Scarab Brooch],21625,item:21625::::::::60,Holding,nil,MAGE,Ahn'Qiraj Temple-40 Player,Viscidus,9,531,40,,,5,true,Miscellaneous,Trinket,,Anastasia-Faerlina
Anastasia-Faerlina,2/27/21,21:33:34,1614497614-5,[Hive Defiler Wristguards],21618,item:21618::::::::60,Holding,nil,MAGE,Ahn'Qiraj Temple-40 Player,Princess Huhuran,9,531,40,,,5,true,Plate,Wrist,,Anastasia-Faerlina
Anastasia-Faerlina,2/27/21,21:44:10,1614498250-6,[Vek'lor's Gloves of Devastation],21599,item:21599::::::::60,Holding,nil,MAGE,Ahn'Qiraj Temple-40 Player,Twin Emperors,9,531,40,,,5,true,Mail,Hands,,Anastasia-Faerlina
Anastasia-Faerlina,2/27/21,21:44:25,1614498265-7,[Bracelets of Royal Redemption],21604,item:21604::::::::60,Holding,nil,MAGE,Ahn'Qiraj Temple-40 Player,Twin Emperors,9,531,40,,,5,true,Cloth,Wrist,,Anastasia-Faerlina
Anastasia-Faerlina,2/27/21,22:01:09,1614499269-0,[Wormscale Blocker],21610,item:21610::::::::60,Holding,nil,MAGE,Ahn'Qiraj Temple-40 Player,Ouro,9,531,40,,,5,true,Shields,Off Hand,,Anastasia-Faerlina
Anastasia-Faerlina,2/27/21,22:10:05,1614499805-1,[Mark of C'Thun],22732,item:22732::::::::60,Holding,nil,MAGE,Ahn'Qiraj Temple-40 Player,C'thun,9,531,40,,,5,true,Miscellaneous,Neck,,Anastasia-Faerlina
Anastasia-Faerlina,2/27/21,22:10:05,1614499805-0,[Belt of Never-ending Agony],21586,item:21586::::::::60,Holding,nil,MAGE,Ahn'Qiraj Temple-40 Player,C'thun,9,531,40,,,5,true,Leather,Waist,,Anastasia-Faerlina
Anastasia-Faerlina,2/27/21,22:25:15,1614500715-2,[Dragonstalker's Bracers],16935,item:16935::::::::60,Holding,nil,MAGE,Blackwing Lair-40 Player,Razorgore the Untamed,9,469,40,,,5,true,Mail,Wrist,,Anastasia-Faerlina
Anastasia-Faerlina,2/27/21,22:25:15,1614500715-3,[Arcane Infused Gem],19336,item:19336::::::::60,Holding,nil,MAGE,Blackwing Lair-40 Player,Razorgore the Untamed,9,469,40,,,5,true,Miscellaneous,Trinket,,Anastasia-Faerlina
Anastasia-Faerlina,2/27/21,22:25:16,1614500716-4,[Bindings of Transcendence],16926,item:16926::::::::60,Holding,nil,MAGE,Blackwing Lair-40 Player,Razorgore the Untamed,9,469,40,,,5,true,Cloth,Wrist,,Anastasia-Faerlina
Anastasia-Faerlina,2/27/21,22:27:51,1614500871-5,[Bloodfang Belt],16910,item:16910::::::::60,Holding,nil,MAGE,Blackwing Lair-40 Player,Vaelastrasz the Corrupt,9,469,40,,,5,true,Leather,Waist,,Anastasia-Faerlina
Anastasia-Faerlina,2/27/21,22:27:51,1614500871-6,[Pendant of the Fallen Dragon],19371,item:19371::::::::60,Holding,nil,MAGE,Blackwing Lair-40 Player,Vaelastrasz the Corrupt,9,469,40,,,5,true,Miscellaneous,Neck,,Anastasia-Faerlina
Anastasia-Faerlina,2/27/21,22:27:51,1614500871-7,[Netherwind Belt],16818,item:16818::::::::60,Holding,nil,MAGE,Blackwing Lair-40 Player,Vaelastrasz the Corrupt,9,469,40,,,5,true,Cloth,Waist,,Anastasia-Faerlina
Anastasia-Faerlina,2/27/21,22:41:01,1614501661-8,[Ring of Blackrock],19397,item:19397::::::::60,Holding,nil,MAGE,Blackwing Lair-40 Player,Firemaw,9,469,40,,,5,true,Miscellaneous,Finger,,Anastasia-Faerlina
Anastasia-Faerlina,2/27/21,22:41:01,1614501661-9,[Firemaw's Clutch],19400,item:19400::::::::60,Holding,nil,MAGE,Blackwing Lair-40 Player,Firemaw,9,469,40,,,5,true,Cloth,Waist,,Anastasia-Faerlina
Anastasia-Faerlina,2/27/21,22:48:50,1614502130-11,[Band of Forced Concentration],19403,item:19403::::::::60,Holding,nil,MAGE,Blackwing Lair-40 Player,Ebonroc,9,469,40,,,5,true,Miscellaneous,Finger,,Anastasia-Faerlina
Anastasia-Faerlina,2/27/21,22:48:50,1614502130-10,[Gauntlets of Wrath],16964,item:16964::::::::60,Holding,nil,MAGE,Blackwing Lair-40 Player,Ebonroc,9,469,40,,,5,true,Plate,Hands,,Anastasia-Faerlina
Anastasia-Faerlina,2/27/21,22:50:18,1614502218-12,[Ring of Blackrock],19397,item:19397::::::::60,Holding,nil,MAGE,Blackwing Lair-40 Player,Flamegor,9,469,40,,,5,true,Miscellaneous,Finger,,Anastasia-Faerlina
Anastasia-Faerlina,2/27/21,22:50:19,1614502219-13,[Emberweave Leggings],19433,item:19433::::::::60,Holding,nil,MAGE,Blackwing Lair-40 Player,Flamegor,9,469,40,,,5,true,Mail,Legs,,Anastasia-Faerlina
Anastasia-Faerlina,2/27/21,22:55:26,1614502526-14,[Dragonstalker's Spaulders],16937,item:16937::::::::60,Holding,nil,MAGE,Blackwing Lair-40 Player,Chromaggus,9,469,40,,,5,true,Mail,Shoulder,,Anastasia-Faerlina
Anastasia-Faerlina,2/27/21,22:55:26,1614502526-15,[Claw of Chromaggus],19347,item:19347::::::::60,Holding,nil,MAGE,Blackwing Lair-40 Player,Chromaggus,9,469,40,,,5,true,Daggers,One-Hand,,Anastasia-Faerlina
Anastasia-Faerlina,2/27/21,22:55:27,1614502527-16,[Pauldrons of Transcendence],16924,item:16924::::::::60,Holding,nil,MAGE,Blackwing Lair-40 Player,Chromaggus,9,469,40,,,5,true,Cloth,Shoulder,,Anastasia-Faerlina
Anastasia-Faerlina,2/27/21,22:55:27,1614502527-17,[Empowered Leggings],19385,item:19385::::::::60,Holding,nil,MAGE,Blackwing Lair-40 Player,Chromaggus,9,469,40,,,5,true,Cloth,Legs,,Anastasia-Faerlina
Anastasia-Faerlina,2/27/21,23:01:39,1614502899-18,[Robes of Transcendence],16923,item:16923::::::::60,Holding,nil,MAGE,Blackwing Lair-40 Player,Nefarian,9,469,40,,,5,true,Cloth,Chest,,Anastasia-Faerlina
Anastasia-Faerlina,2/27/21,23:01:39,1614502899-19,[Breastplate of Wrath],16966,item:16966::::::::60,Holding,nil,MAGE,Blackwing Lair-40 Player,Nefarian,9,469,40,,,5,true,Plate,Chest,,Anastasia-Faerlina
Anastasia-Faerlina,2/27/21,23:01:40,1614502900-20,"[Crul'shorukh, Edge of Chaos]",19363,item:19363::::::::60,Holding,nil,MAGE,Blackwing Lair-40 Player,Nefarian,9,469,40,,,5,true,One-Handed Axes,One-Hand,,Anastasia-Faerlina
Anastasia-Faerlina,2/27/21,23:01:40,1614502900-21,[Boots of the Shadow Flame],19381,item:19381::::::::60,Holding,nil,MAGE,Blackwing Lair-40 Player,Nefarian,9,469,40,,,5,true,Leather,Feet,,Anastasia-Faerlina
Anastasia-Faerlina,2/27/21,23:01:41,1614502901-22,[Elven Chain Boots],13125,item:13125::::::::60,Holding,nil,MAGE,Blackwing Lair-40 Player,Nefarian,9,469,40,,,5,true,Mail,Feet,,Anastasia-Faerlina
Anastasia-Faerlina,2/27/21,23:01:42,1614502902-25,[Direwing Legguards],13075,item:13075::::::::60,Holding,nil,MAGE,Blackwing Lair-40 Player,Nefarian,9,469,40,,,5,true,Plate,Legs,,Anastasia-Faerlina
Anastasia-Faerlina,2/27/21,23:01:42,1614502902-24,[Divine Warblade of the Tiger],15258,item:15258::::::723:371202048:60,Holding,nil,MAGE,Blackwing Lair-40 Player,Nefarian,9,469,40,,,5,true,Two-Handed Swords,Two-Hand,,Anastasia-Faerlina
Anastasia-Faerlina,2/27/21,23:01:41,1614502901-23,[Masterwork Legplates of the Owl],10273,item:10273::::::806:1870994816:60,Holding,nil,MAGE,Blackwing Lair-40 Player,Nefarian,9,469,40,,,5,true,Mail,Legs,,Anastasia-Faerlina
Anastasia-Faerlina,3/13/21,21:06:06,1615705566-0,[Barrage Shoulders],21699,item:21699::::::::60,Holding,nil,MAGE,Ahn'Qiraj Temple-40 Player,The Prophet Skeram,9,531,40,,,5,true,Mail,Shoulder,,Anastasia-Faerlina
Anastasia-Faerlina,3/13/21,21:06:06,1615705566-1,[Beetle Scaled Wristguards],21708,item:21708::::::::60,Holding,nil,MAGE,Ahn'Qiraj Temple-40 Player,The Prophet Skeram,9,531,40,,,5,true,Leather,Wrist,,Anastasia-Faerlina
Anastasia-Faerlina,3/13/21,21:17:45,1615706265-2,[Legplates of Blazing Light],21667,item:21667::::::::60,Holding,nil,MAGE,Ahn'Qiraj Temple-40 Player,Battleguard Sartura,9,531,40,,,5,true,Plate,Legs,,Anastasia-Faerlina
Anastasia-Faerlina,3/13/21,21:17:45,1615706265-3,[Leggings of the Festering Swarm],21676,item:21676::::::::60,Holding,nil,MAGE,Ahn'Qiraj Temple-40 Player,Battleguard Sartura,9,531,40,,,5,true,Cloth,Legs,,Anastasia-Faerlina
Anastasia-Faerlina,3/13/21,21:31:33,1615707093-4,[Cloak of the Golden Hive],21621,item:21621::::::::60,Holding,nil,MAGE,Ahn'Qiraj Temple-40 Player,Princess Huhuran,9,531,40,,,5,true,Cloth,Back,,Anastasia-Faerlina
Anastasia-Faerlina,3/13/21,21:41:11,1615707671-5,[Amulet of Vek'nilash],21608,item:21608::::::::60,Holding,nil,MAGE,Ahn'Qiraj Temple-40 Player,Twin Emperors,9,531,40,,,5,true,Miscellaneous,Neck,,Anastasia-Faerlina
Anastasia-Faerlina,3/13/21,22:07:12,1615709232-0,[Dark Storm Gauntlets],21585,item:21585::::::::60,Holding,nil,MAGE,Ahn'Qiraj Temple-40 Player,C'thun,9,531,40,,,5,true,Cloth,Hands,,Anastasia-Faerlina
Anastasia-Faerlina,3/13/21,22:07:13,1615709233-1,[Gauntlets of Annihilation],21581,item:21581::::::::60,Holding,nil,MAGE,Ahn'Qiraj Temple-40 Player,C'thun,9,531,40,,,5,true,Plate,Hands,,Anastasia-Faerlina
Anastasia-Faerlina,3/26/21,21:15:52,1616825752-0,[The Plague Bearer],22818,item:22818::::::::60,Holding,nil,MAGE,Naxxramas-40 Player,Patchwerk,9,533,40,,,5,true,Shields,Off Hand,,Anastasia-Faerlina
Anastasia-Faerlina,3/26/21,21:21:16,1616826076-1,[Icy Scale Spaulders],22967,item:22967::::::::60,Holding,nil,MAGE,Naxxramas-40 Player,Grobbulus,9,533,40,,,5,true,Mail,Shoulder,,Anastasia-Faerlina
Anastasia-Faerlina,3/26/21,21:23:37,1616826217-2,[Digested Hand of Power],22994,item:22994::::::::60,Holding,nil,MAGE,Naxxramas-40 Player,Gluth,9,533,40,,,5,true,Miscellaneous,Held In Off-hand,,Anastasia-Faerlina
Anastasia-Faerlina,3/26/21,21:29:17,1616826557-3,[The Castigator],22808,item:22808::::::::60,Holding,nil,MAGE,Naxxramas-40 Player,Thaddius,9,533,40,,,5,true,One-Handed Maces,One-Hand,,Anastasia-Faerlina
Anastasia-Faerlina,3/26/21,21:36:30,1616826990-4,[Cloak of the Scourge],23030,item:23030::::::::60,Holding,nil,MAGE,Naxxramas-40 Player,Noth the Plaguebringer,9,533,40,,,5,true,Cloth,Back,,Anastasia-Faerlina
Anastasia-Faerlina,3/26/21,21:40:08,1616827208-5,[Icy Scale Coif],23033,item:23033::::::::60,Holding,nil,MAGE,Naxxramas-40 Player,Heigan the Unclean,9,533,40,,,5,true,Mail,Head,,Anastasia-Faerlina
Anastasia-Faerlina,3/26/21,21:46:02,1616827562-6,[Ring of Spiritual Fervor],23037,item:23037::::::::60,Holding,nil,MAGE,Naxxramas-40 Player,Loatheb,9,533,40,,,5,true,Miscellaneous,Finger,,Anastasia-Faerlina
Anastasia-Faerlina,3/26/21,21:52:06,1616827926-7,[Touch of Frost],22935,item:22935::::::::60,Holding,nil,MAGE,Naxxramas-40 Player,Anub'Rekhan,9,533,40,,,5,true,Miscellaneous,Neck,,Anastasia-Faerlina
Anastasia-Faerlina,3/26/21,22:03:11,1616828591-8,[Malice Stone Pendant],22943,item:22943::::::::60,Holding,nil,MAGE,Naxxramas-40 Player,Grand Widow Faerlina,9,533,40,,,5,true,Miscellaneous,Neck,,Anastasia-Faerlina
Anastasia-Faerlina,3/26/21,22:17:19,1616829439-9,[Arcane Armor],8283,item:8283::::::::60,Holding,nil,MAGE,Naxxramas-40 Player,Maexxna,9,533,40,,,5,true,Cloth,Chest,,Anastasia-Faerlina
Anastasia-Faerlina,3/26/21,22:26:31,1616829991-10,[Wand of the Whispering Dead],23009,item:23009::::::::60,Holding,nil,MAGE,Naxxramas-40 Player,Instructor Razuvious,9,533,40,,,5,true,Wands,,,Anastasia-Faerlina
Anastasia-Faerlina,3/26/21,22:36:18,1616830578-0,[The Soul Harvester's Bindings],23021,item:23021::::::::60,Holding,nil,MAGE,Naxxramas-40 Player,Gothik the Harvester,9,533,40,,,5,true,Cloth,Wrist,,Anastasia-Faerlina
Anastasia-Faerlina,3/26/21,22:48:10,1616831290-1,[Warmth of Forgiveness],23027,item:23027::::::::60,Holding,nil,MAGE,Naxxramas-40 Player,The Four Horsemen,9,533,40,,,5,true,Miscellaneous,Trinket,,Anastasia-Faerlina
Anastasia-Faerlina,3/26/21,22:58:44,1616831924-3,[Slayer's Crest],23041,item:23041::::::::60,Holding,nil,MAGE,Naxxramas-40 Player,Sapphiron,9,533,40,,,5,true,Miscellaneous,Trinket,,Anastasia-Faerlina
Anastasia-Faerlina,3/26/21,22:58:44,1616831924-2,[Sapphiron's Left Eye],23049,item:23049::::::::60,Holding,nil,MAGE,Naxxramas-40 Player,Sapphiron,9,533,40,,,5,true,Miscellaneous,Held In Off-hand,,Anastasia-Faerlina
Anastasia-Faerlina,3/26/21,23:10:50,1616832650-4,[Ring of Redemption],23066,item:23066::::::::60,Holding,nil,MAGE,Naxxramas-40 Player,Kel'Thuzad,9,533,40,,,5,true,Miscellaneous,Finger,,Anastasia-Faerlina
Anastasia-Faerlina,3/26/21,23:10:50,1616832650-5,[The Hungering Cold],23577,item:23577::::::::60,Holding,nil,MAGE,Naxxramas-40 Player,Kel'Thuzad,9,533,40,,,5,true,One-Handed Swords,One-Hand,,Anastasia-Faerlina
Anastasia-Faerlina,3/26/21,23:10:51,1616832651-6,[Hammer of the Twisting Nether],23056,item:23056::::::::60,Holding,nil,MAGE,Naxxramas-40 Player,Kel'Thuzad,9,533,40,,,5,true,One-Handed Maces,One-Hand,,Anastasia-Faerlina
Anastasia-Faerlina,3/26/21,23:10:51,1616832651-7,[Ring of the Dreamwalker],23064,item:23064::::::::60,Holding,nil,MAGE,Naxxramas-40 Player,Kel'Thuzad,9,533,40,,,5,true,Miscellaneous,Finger,,Anastasia-Faerlina
Anastasia-Faerlina,5/07/21,22:45:33,1620459933-16,[Stormrage's Talisman of Seething],23053,item:23053::::::::60,Holding,nil,MAGE,Naxxramas-40 Player,Kel'Thuzad,9,533,40,,,5,true,Miscellaneous,Neck,,Anastasia-Faerlina
Anastasia-Faerlina,5/07/21,22:45:33,1620459933-17,[Shield of Condemnation],22819,item:22819::::::::60,Holding,nil,MAGE,Naxxramas-40 Player,Kel'Thuzad,9,533,40,,,5,true,Shields,Off Hand,,Anastasia-Faerlina
Anastasia-Faerlina,5/07/21,22:45:33,1620459933-18,[Plagueheart Ring],23063,item:23063::::::::60,Holding,nil,MAGE,Naxxramas-40 Player,Kel'Thuzad,9,533,40,,,5,true,Miscellaneous,Finger,,Anastasia-Faerlina
Anastasia-Faerlina,5/08/21,21:08:56,1620540536-0,[Staff of the Qiraji Prophets],21128,item:21128::::::::60,Holding,nil,MAGE,Ahn'Qiraj Temple-40 Player,The Prophet Skeram,9,531,40,,,5,true,Staves,Two-Hand,,Anastasia-Faerlina
Anastasia-Faerlina,5/08/21,21:08:56,1620540536-1,[Breastplate of Annihilation],21814,item:21814::::::::60,Holding,nil,MAGE,Ahn'Qiraj Temple-40 Player,The Prophet Skeram,9,531,40,,,5,true,Plate,Chest,,Anastasia-Faerlina
Anastasia-Faerlina,5/08/21,21:09:36,1620540576-2,[Grand Legguards of the Whale],15194,item:15194::::::1058:228761088:60,Holding,nil,MAGE,Ahn'Qiraj Temple-40 Player,The Prophet Skeram,9,531,40,,,5,true,Leather,Legs,,Anastasia-Faerlina
Anastasia-Faerlina,5/08/21,21:14:00,1620540840-3,[Gloves of Ebru],21689,item:21689::::::::60,Holding,nil,MAGE,Ahn'Qiraj Temple-40 Player,Silithid Royalty,9,531,40,,,5,true,Leather,Hands,,Anastasia-Faerlina
Anastasia-Faerlina,5/08/21,21:14:00,1620540840-4,[Cape of the Trinity],21697,item:21697::::::::60,Holding,nil,MAGE,Ahn'Qiraj Temple-40 Player,Silithid Royalty,9,531,40,,,5,true,Cloth,Back,,Anastasia-Faerlina
Anastasia-Faerlina,5/08/21,21:24:59,1620541499-5,[Idol of Health],22399,item:22399::::::::60,Holding,nil,MAGE,Ahn'Qiraj Temple-40 Player,Viscidus,9,531,40,,,5,true,Idols,Relic,,Anastasia-Faerlina
Anastasia-Faerlina,5/08/21,21:28:52,1620541732-6,[Gloves of the Immortal],21888,item:21888::::::::60,Holding,nil,MAGE,Ahn'Qiraj Temple-40 Player,Viscidus,9,531,40,,,5,true,Cloth,Hands,,Anastasia-Faerlina
Anastasia-Faerlina,5/08/21,21:30:48,1620541848-7,[Gloves of the Messiah],21619,item:21619::::::::60,Holding,nil,MAGE,Ahn'Qiraj Temple-40 Player,Princess Huhuran,9,531,40,,,5,true,Cloth,Hands,,Anastasia-Faerlina
Anastasia-Faerlina,5/08/21,21:32:38,1620541958-8,[Magnificent Breastplate of the Falcon],15669,item:15669::::::466:591282048:60,Holding,nil,MAGE,Ahn'Qiraj Temple-40 Player,Princess Huhuran,9,531,40,,,5,true,Mail,Chest,,Anastasia-Faerlina
Anastasia-Faerlina,5/08/21,21:39:11,1620542351-9,[Vek'lor's Gloves of Devastation],21599,item:21599::::::::60,Holding,nil,MAGE,Ahn'Qiraj Temple-40 Player,Twin Emperors,9,531,40,,,5,true,Mail,Hands,,Anastasia-Faerlina
Anastasia-Faerlina,5/08/21,22:04:00,1620543840-1,[Mark of C'Thun],22732,item:22732::::::::60,Holding,nil,MAGE,Ahn'Qiraj Temple-40 Player,C'thun,9,531,40,,,5,true,Miscellaneous,Neck,,Anastasia-Faerlina
Anastasia-Faerlina,5/08/21,22:04:00,1620543840-0,[Ring of the Godslayer],21596,item:21596::::::::60,Holding,nil,MAGE,Ahn'Qiraj Temple-40 Player,C'thun,9,531,40,,,5,true,Miscellaneous,Finger,,Anastasia-Faerlina
Asu-Faerlina,5/08/21,14:35:16,1620527716-19,[Qiraji Bindings of Command],20928,item:20928::::::::60,Soft Reserve,0,WARRIOR,Ahn'Qiraj Temple-40 Player,Princess Huhuran,9,531,40,|cffa335ee|Hitem:16961::::::::60:::::::|h[Pauldrons of Wrath]|h|r,|cffa335ee|Hitem:21688:911:::::::60:::::::|h[Boots of the Fallen Hero]|h|r,4,false,Quest,,,Warandy-Faerlina
Redfeild-Faerlina,5/08/21,14:32:56,1620527576-16,[Leggings of Immersion],21698,item:21698::::::::60,Pass,0,HUNTER,Ahn'Qiraj Temple-40 Player,The Prophet Skeram,9,531,40,|cffa335ee|Hitem:16938:2586:::::::60:::::::|h[Dragonstalker's Legguards]|h|r,,PASS,false,Leather,Legs,,Warandy-Faerlina
Bluntius-Faerlina,5/08/21,14:33:34,1620527614-18,[Angelista's Touch],21695,item:21695::::::::60,Mainspec/Need,1,WARRIOR,Ahn'Qiraj Temple-40 Player,Silithid Royalty,9,531,40,|cffa335ee|Hitem:19384::::::::60:::11::::|h[Master Dragonslayer's Ring]|h|r,|cffa335ee|Hitem:19432::::::::60:::::::|h[Circle of Applied Force]|h|r,1,false,Miscellaneous,Finger,,Warandy-Faerlina
Donizetti-Faerlina,5/01/21,13:23:14,1619918594-0,[Bronze Scarab],20861,item:20861::::::::60,Banking,nil,DRUID,Ahn'Qiraj Temple-40 Player,Unknown,9,531,40,,,2,true,Quest,,,Donizetti-Faerlina
Donizetti-Faerlina,5/01/21,13:23:25,1619918605-1,[Bronze Scarab],20861,item:20861::::::::60,Banking,nil,DRUID,Ahn'Qiraj Temple-40 Player,Unknown,9,531,40,,,2,true,Quest,,,Donizetti-Faerlina
Donizetti-Faerlina,5/01/21,13:24:02,1619918642-2,[Stone Scarab],20858,item:20858::::::::60,Banking,nil,DRUID,Ahn'Qiraj Temple-40 Player,Unknown,9,531,40,,,2,true,Quest,,,Donizetti-Faerlina
Donizetti-Faerlina,5/01/21,13:28:42,1619918922-0,[Crystal Scarab],20862,item:20862::::::::60,Banking,nil,DRUID,Ahn'Qiraj Temple-40 Player,Unknown,9,531,40,,,2,true,Quest,,,Donizetti-Faerlina
Donizetti-Faerlina,5/01/21,13:30:24,1619919024-1,[Bronze Scarab],20861,item:20861::::::::60,Banking,nil,DRUID,Ahn'Qiraj Temple-40 Player,Unknown,9,531,40,,,2,true,Quest,,,Donizetti-Faerlina
Donizetti-Faerlina,5/01/21,13:32:47,1619919167-2,[Clay Scarab],20863,item:20863::::::::60,Banking,nil,DRUID,Ahn'Qiraj Temple-40 Player,Unknown,9,531,40,,,2,true,Quest,,,Donizetti-Faerlina
Donizetti-Faerlina,5/01/21,13:41:38,1619919698-3,[Gold Scarab],20859,item:20859::::::::60,Banking,nil,DRUID,Ahn'Qiraj Temple-40 Player,Silithid Royalty,9,531,40,,,2,true,Quest,,,Donizetti-Faerlina
Donizetti-Faerlina,5/01/21,13:55:04,1619920504-4,[Silver Scarab],20860,item:20860::::::::60,Banking,nil,DRUID,Ahn'Qiraj Temple-40 Player,Fankriss the Unyielding,9,531,40,,,2,true,Quest,,,Donizetti-Faerlina
Donizetti-Faerlina,5/01/21,13:56:03,1619920563-5,[Gold Scarab],20859,item:20859::::::::60,Banking,nil,DRUID,Ahn'Qiraj Temple-40 Player,Fankriss the Unyielding,9,531,40,,,2,true,Quest,,,Donizetti-Faerlina
Donizetti-Faerlina,5/01/21,13:56:03,1619920563-6,[Pridelord Armor],14670,item:14670::::::::60,Disenchant,nil,DRUID,Ahn'Qiraj Temple-40 Player,Fankriss the Unyielding,9,531,40,,,1,true,Leather,Chest,,Donizetti-Faerlina
Donizetti-Faerlina,5/01/21,13:56:10,1619920570-7,[Ivory Scarab],20865,item:20865::::::::60,Banking,nil,DRUID,Ahn'Qiraj Temple-40 Player,Fankriss the Unyielding,9,531,40,,,2,true,Quest,,,Donizetti-Faerlina
Donizetti-Faerlina,5/01/21,13:59:08,1619920748-8,[Silver Scarab],20860,item:20860::::::::60,Banking,nil,DRUID,Ahn'Qiraj Temple-40 Player,Fankriss the Unyielding,9,531,40,,,2,true,Quest,,,Donizetti-Faerlina
Donizetti-Faerlina,5/01/21,13:59:31,1619920771-9,[Silver Scarab],20860,item:20860::::::::60,Banking,nil,DRUID,Ahn'Qiraj Temple-40 Player,Fankriss the Unyielding,9,531,40,,,2,true,Quest,,,Donizetti-Faerlina
Donizetti-Faerlina,5/01/21,13:59:34,1619920774-10,[Blasthorn Bow of Marksmanship],15288,item:15288::::::1711:994443008:60,Disenchant,nil,DRUID,Ahn'Qiraj Temple-40 Player,Fankriss the Unyielding,9,531,40,,,1,true,Bows,Ranged,,Donizetti-Faerlina
Donizetti-Faerlina,5/01/21,14:53:41,1619924021-0,[Clay Scarab],20863,item:20863::::::::60,Banking,nil,DRUID,Ahn'Qiraj Temple-40 Player,Unknown,9,531,40,,,2,true,Quest,,,Donizetti-Faerlina
Donizetti-Faerlina,5/01/21,14:53:53,1619924033-1,[Clay Scarab],20863,item:20863::::::::60,Banking,nil,DRUID,Ahn'Qiraj Temple-40 Player,Unknown,9,531,40,,,2,true,Quest,,,Donizetti-Faerlina
Donizetti-Faerlina,5/01/21,15:07:16,1619924836-3,[Gold Scarab],20859,item:20859::::::::60,Banking,nil,DRUID,Ahn'Qiraj Temple-40 Player,Unknown,9,531,40,,,2,true,Quest,,,Donizetti-Faerlina
Donizetti-Faerlina,5/08/21,13:58:47,1620525527-2,[Clay Scarab],20863,item:20863::::::::60,Banking,nil,DRUID,Ahn'Qiraj Temple-40 Player,Silithid Royalty,9,531,40,,,2,true,Quest,,,Donizetti-Faerlina
Donizetti-Faerlina,5/08/21,14:01:33,1620525693-3,[Crystal Scarab],20862,item:20862::::::::60,Banking,nil,DRUID,Ahn'Qiraj Temple-40 Player,Silithid Royalty,9,531,40,,,2,true,Quest,,,Donizetti-Faerlina
Donizetti-Faerlina,5/08/21,14:01:36,1620525696-4,[Crystal Scarab],20862,item:20862::::::::60,Banking,nil,DRUID,Ahn'Qiraj Temple-40 Player,Silithid Royalty,9,531,40,,,2,true,Quest,,,Donizetti-Faerlina
Donizetti-Faerlina,5/08/21,14:04:57,1620525897-5,[Stone Scarab],20858,item:20858::::::::60,Banking,nil,DRUID,Ahn'Qiraj Temple-40 Player,Silithid Royalty,9,531,40,,,2,true,Quest,,,Donizetti-Faerlina
Donizetti-Faerlina,5/08/21,14:04:59,1620525899-6,[Bronze Scarab],20861,item:20861::::::::60,Banking,nil,DRUID,Ahn'Qiraj Temple-40 Player,Silithid Royalty,9,531,40,,,2,true,Quest,,,Donizetti-Faerlina
Donizetti-Faerlina,5/08/21,14:05:01,1620525901-7,[Ivory Scarab],20865,item:20865::::::::60,Banking,nil,DRUID,Ahn'Qiraj Temple-40 Player,Silithid Royalty,9,531,40,,,2,true,Quest,,,Donizetti-Faerlina
Donizetti-Faerlina,5/08/21,14:20:18,1620526818-8,[Bone Scarab],20864,item:20864::::::::60,Banking,nil,DRUID,Ahn'Qiraj Temple-40 Player,Fankriss the Unyielding,9,531,40,,,2,true,Quest,,,Donizetti-Faerlina
Donizetti-Faerlina,5/08/21,14:21:31,1620526891-9,[Stone Scarab],20858,item:20858::::::::60,Banking,nil,DRUID,Ahn'Qiraj Temple-40 Player,Fankriss the Unyielding,9,531,40,,,2,true,Quest,,,Donizetti-Faerlina
Donizetti-Faerlina,5/08/21,14:23:11,1620526991-10,[Bronze Scarab],20861,item:20861::::::::60,Banking,nil,DRUID,Ahn'Qiraj Temple-40 Player,Fankriss the Unyielding,9,531,40,,,2,true,Quest,,,Donizetti-Faerlina
Donizetti-Faerlina,5/08/21,14:23:13,1620526993-11,[Bronze Scarab],20861,item:20861::::::::60,Banking,nil,DRUID,Ahn'Qiraj Temple-40 Player,Fankriss the Unyielding,9,531,40,,,2,true,Quest,,,Donizetti-Faerlina
Donizetti-Faerlina,5/08/21,14:25:37,1620527137-12,[Stone Scarab],20858,item:20858::::::::60,Banking,nil,DRUID,Ahn'Qiraj Temple-40 Player,Fankriss the Unyielding,9,531,40,,,2,true,Quest,,,Donizetti-Faerlina
Donizetti-Faerlina,5/08/21,14:32:13,1620527533-14,[Beetle Scaled Wristguards],21708,item:21708::::::::60,Offspec/Greed,2,DRUID,Ahn'Qiraj Temple-40 Player,The Prophet Skeram,9,531,40,|cffa335ee|Hitem:22495:2566:::::::60:::11::::|h[Dreamwalker Wristguards]|h|r,,3,false,Leather,Wrist,,Warandy-Faerlina
Donizetti-Faerlina,5/08/21,14:32:23,1620527543-15,[Gloves of Ebru],21689,item:21689::::::::60,Offspec/Greed,1,DRUID,Ahn'Qiraj Temple-40 Player,Silithid Royalty,9,531,40,|cffa335ee|Hitem:22493:2617:::::::60:::11::::|h[Dreamwalker Handguards]|h|r,,3,false,Leather,Hands,,Warandy-Faerlina
Donizetti-Faerlina,5/08/21,15:15:32,1620530132-22,[Stone Scarab],20858,item:20858::::::::60,Banking,nil,DRUID,Ahn'Qiraj Temple-40 Player,Princess Huhuran,9,531,40,,,2,true,Quest,,,Donizetti-Faerlina
Donizetti-Faerlina,5/08/21,16:20:18,1620534018-3,[Silver Scarab],20860,item:20860::::::::60,Banking,nil,DRUID,Ahn'Qiraj Temple-40 Player,Twin Emperors,9,531,40,,,2,true,Quest,,,Donizetti-Faerlina
Oddvarr-Faerlina,5/08/21,15:54:19,1620532459-1,[Qiraji Execution Bracers],21602,item:21602::::::::60,Mainspec/Need,5,ROGUE,Ahn'Qiraj Temple-40 Player,Twin Emperors,9,531,40,|cffa335ee|Hitem:16911:1885:::::::60:::::::|h[Bloodfang Bracers]|h|r,,1,false,Leather,Wrist,,Warandy-Faerlina
Codelf-Faerlina,5/01/21,15:04:11,1619924651-2,[Green Qiraji Resonating Crystal],21323,item:21323::::::::60,"Candidate is selecting response, please wait",0,HUNTER,Ahn'Qiraj Temple-40 Player,Unknown,9,531,40,,,WAIT,false,Junk,,,Codelf-Faerlina
Lolveggie-Faerlina,5/08/21,13:37:33,1620524253-0,[Green Qiraji Resonating Crystal],21323,item:21323::::::::60,Mainspec/Need,0,WARRIOR,Ahn'Qiraj Temple-40 Player,Unknown,9,531,40,,,1,false,Junk,,,Lolveggie-Faerlina
Arzus-Faerlina,5/08/21,14:35:44,1620527744-20,[Qiraji Bindings of Dominance],20932,item:20932::::::::60,Soft Reserve,1,WARLOCK,Ahn'Qiraj Temple-40 Player,Princess Huhuran,9,531,40,|cffa335ee|Hitem:21335:2605:::::::60:::11::::|h[Doomcaller's Mantle]|h|r,|cff0070dd|Hitem:19684:911:::::::60:::::::|h[Bloodvine Boots]|h|r,4,false,Quest,,,Warandy-Faerlina
Arzus-Faerlina,5/08/21,15:57:47,1620532667-2,[Amulet of Vek'nilash],21608,item:21608::::::::60,Mainspec/Need,5,WARLOCK,Ahn'Qiraj Temple-40 Player,Twin Emperors,9,531,40,|cff0070dd|Hitem:18340::::::::60:::1::::|h[Eidolon Talisman]|h|r,,1,false,Miscellaneous,Neck,,Warandy-Faerlina
Foxyman-Faerlina,5/08/21,13:42:58,1620524578-1,[Green Qiraji Resonating Crystal],21323,item:21323::::::::60,Mainspec/Need,0,MAGE,Ahn'Qiraj Temple-40 Player,Unknown,9,531,40,,,1,false,Junk,,,Foxyman-Faerlina
Drunkmage-Faerlina,5/08/21,14:33:22,1620527602-17,[Leggings of the Festering Swarm],21676,item:21676::::::::60,Soft Reserve,1,MAGE,Ahn'Qiraj Temple-40 Player,Battleguard Sartura,9,531,40,|cffa335ee|Hitem:16915:2588:::::::60:::::::|h[Netherwind Pants]|h|r,,4,false,Cloth,Legs,,Warandy-Faerlina
Mancaliss-Faerlina,5/08/21,14:37:33,1620527853-21,[Badge of the Swarmguard],21670,item:21670::::::::60,Soft Reserve,0,HUNTER,Ahn'Qiraj Temple-40 Player,Battleguard Sartura,9,531,40,|cffa335ee|Hitem:19949::::::::60:::11::::|h[Zandalarian Hero Medallion]|h|r,|cff0070dd|Hitem:13965::::::::60:::11::::|h[Blackhand's Breadth]|h|r,4,false,Miscellaneous,Trinket,,Warandy-Faerlina
Dretanky-Faerlina,5/08/21,14:31:57,1620527517-13,[Cloak of the Golden Hive],21621,item:21621::::::::60,Mainspec/Need,0,WARRIOR,Ahn'Qiraj Temple-40 Player,Princess Huhuran,9,531,40,|cffa335ee|Hitem:21456::::::::60:::::::|h[Sandstorm Cloak]|h|r,,1,false,Cloth,Back,,Warandy-Faerlina
Edelwess-Faerlina,5/08/21,15:53:21,1620532401-0,[Vek'lor's Diadem],20930,item:20930::::::::60,Soft Reserve,1,PALADIN,Ahn'Qiraj Temple-40 Player,Twin Emperors,9,531,40,|cffa335ee|Hitem:21663:928:::::::60:::::::|h[Robes of the Guardian Saint]|h|r,,4,false,Quest,,,Warandy-Faerlina

